Country,Country_label,ref_date,Relative_AI_hiring_index_pct
CY,Cyprus,201801,172.525
CY,Cyprus,201802,68.815
CY,Cyprus,201803,88.733
CY,Cyprus,201804,94.385
CY,Cyprus,201805,58.842
CY,Cyprus,201806,53.236
CY,Cyprus,201807,70.173
CY,Cyprus,201808,59.787
CY,Cyprus,201809,59.9
CY,Cyprus,201810,66.161
CY,Cyprus,201811,58.652
CY,Cyprus,201812,98.359
CY,Cyprus,201901,84.154
CY,Cyprus,201902,95.281
CY,Cyprus,201903,89.363
CY,Cyprus,201904,78.018
CY,Cyprus,201905,135.084
CY,Cyprus,201906,139.035
CY,Cyprus,201907,120.373
CY,Cyprus,201908,127.32
CY,Cyprus,201909,120.904
CY,Cyprus,201910,112.426
CY,Cyprus,201911,117.829
CY,Cyprus,201912,73.377
CY,Cyprus,202001,83.032
CY,Cyprus,202002,71.207
CY,Cyprus,202003,67.538
CY,Cyprus,202004,77.555
CY,Cyprus,202005,29.845
CY,Cyprus,202006,21.186
CY,Cyprus,202007,36.938
CY,Cyprus,202008,30.034
CY,Cyprus,202009,34.396
CY,Cyprus,202010,29.983
CY,Cyprus,202011,25.298
CY,Cyprus,202012,25.713
CY,Cyprus,202101,12.261
CY,Cyprus,202102,19.883
CY,Cyprus,202103,13.744
CY,Cyprus,202104,7.653
CY,Cyprus,202105,6.306
CY,Cyprus,202106,10.506
CY,Cyprus,202107,-1.753
CY,Cyprus,202108,-0.743
CY,Cyprus,202109,-3.997
CY,Cyprus,202110,-2.192
CY,Cyprus,202111,-1.74
CY,Cyprus,202112,-3.415
CY,Cyprus,202201,3.682
CY,Cyprus,202202,-1.822
CY,Cyprus,202203,15.583
CY,Cyprus,202204,11.091
CY,Cyprus,202205,8.205
CY,Cyprus,202206,10.564
CY,Cyprus,202207,11.17
CY,Cyprus,202208,14.617
CY,Cyprus,202209,14.248
CY,Cyprus,202210,19.846
CY,Cyprus,202211,18.441
CY,Cyprus,202212,19.177
CY,Cyprus,202301,19.104
CY,Cyprus,202302,27.529
CY,Cyprus,202303,13.614
CY,Cyprus,202304,21.544
CY,Cyprus,202305,29.971
CY,Cyprus,202306,29.196
CY,Cyprus,202307,32.212
CY,Cyprus,202308,25.994
CY,Cyprus,202309,29.145
CY,Cyprus,202310,24.693
CY,Cyprus,202311,28.457
CY,Cyprus,202312,34.841
CY,Cyprus,202401,30.337
CY,Cyprus,202402,23.185
CY,Cyprus,202403,27.037
CY,Cyprus,202404,22.111
CY,Cyprus,202405,16.605
CY,Cyprus,202406,12.124
CY,Cyprus,202407,9.416
CY,Cyprus,202408,18.478
CY,Cyprus,202409,16.59
CY,Cyprus,202410,16.793
CY,Cyprus,202411,15.352
CY,Cyprus,202412,6.862
CY,Cyprus,202501,8.819
CY,Cyprus,202502,6.914
EE,Estonia,201801,-18.532
EE,Estonia,201802,-36.219
EE,Estonia,201803,17.422
EE,Estonia,201804,54.903
EE,Estonia,201805,61.46
EE,Estonia,201806,69.467
EE,Estonia,201807,100.033
EE,Estonia,201808,89.188
EE,Estonia,201809,83.335
EE,Estonia,201810,78.82
EE,Estonia,201811,74.769
EE,Estonia,201812,65.396
EE,Estonia,201901,72.083
EE,Estonia,201902,98.16
EE,Estonia,201903,99.749
EE,Estonia,201904,82.56
EE,Estonia,201905,72.043
EE,Estonia,201906,65.078
EE,Estonia,201907,39.142
EE,Estonia,201908,39.503
EE,Estonia,201909,35.67
EE,Estonia,201910,30.913
EE,Estonia,201911,27.234
EE,Estonia,201912,33.592
EE,Estonia,202001,27.962
EE,Estonia,202002,3.892
EE,Estonia,202003,-10.34
EE,Estonia,202004,-10.666
EE,Estonia,202005,-7.993
EE,Estonia,202006,-11.655
EE,Estonia,202007,-10.075
EE,Estonia,202008,-10.801
EE,Estonia,202009,-10.237
EE,Estonia,202010,-5.619
EE,Estonia,202011,0.536
EE,Estonia,202012,-4.18
EE,Estonia,202101,-5.094
EE,Estonia,202102,1.588
EE,Estonia,202103,7.618
EE,Estonia,202104,30.863
EE,Estonia,202105,43.902
EE,Estonia,202106,46.738
EE,Estonia,202107,47.772
EE,Estonia,202108,48.424
EE,Estonia,202109,50.408
EE,Estonia,202110,48.436
EE,Estonia,202111,43.483
EE,Estonia,202112,51.048
EE,Estonia,202201,58.922
EE,Estonia,202202,51.669
EE,Estonia,202203,47.611
EE,Estonia,202204,27.668
EE,Estonia,202205,15.265
EE,Estonia,202206,16.651
EE,Estonia,202207,17.281
EE,Estonia,202208,16.845
EE,Estonia,202209,15.715
EE,Estonia,202210,15.618
EE,Estonia,202211,14.949
EE,Estonia,202212,8.716
EE,Estonia,202301,-0.664
EE,Estonia,202302,4.988
EE,Estonia,202303,3.454
EE,Estonia,202304,7.31
EE,Estonia,202305,6.169
EE,Estonia,202306,5.395
EE,Estonia,202307,3.456
EE,Estonia,202308,2.759
EE,Estonia,202309,0.896
EE,Estonia,202310,-1.836
EE,Estonia,202311,-3.698
EE,Estonia,202312,1.721
EE,Estonia,202401,6.548
EE,Estonia,202402,3.526
EE,Estonia,202403,7.179
EE,Estonia,202404,1.38
EE,Estonia,202405,3.134
EE,Estonia,202406,-0.352
EE,Estonia,202407,3.978
EE,Estonia,202408,4.229
EE,Estonia,202409,11.75
EE,Estonia,202410,15.307
EE,Estonia,202411,21.261
EE,Estonia,202412,17.402
EE,Estonia,202501,14.322
EE,Estonia,202502,15.362
HR,Croatia,201801,100.09
HR,Croatia,201802,53.167
HR,Croatia,201803,56.137
HR,Croatia,201804,62.16
HR,Croatia,201805,47.538
HR,Croatia,201806,45.755
HR,Croatia,201807,65.038
HR,Croatia,201808,58.276
HR,Croatia,201809,49.817
HR,Croatia,201810,53.433
HR,Croatia,201811,49.743
HR,Croatia,201812,49.581
HR,Croatia,201901,44.504
HR,Croatia,201902,50.591
HR,Croatia,201903,43.84
HR,Croatia,201904,34.33
HR,Croatia,201905,38.734
HR,Croatia,201906,33.646
HR,Croatia,201907,17.609
HR,Croatia,201908,18.917
HR,Croatia,201909,28.99
HR,Croatia,201910,23.673
HR,Croatia,201911,24.53
HR,Croatia,201912,29.421
HR,Croatia,202001,24.961
HR,Croatia,202002,16.684
HR,Croatia,202003,20.098
HR,Croatia,202004,39.924
HR,Croatia,202005,45.803
HR,Croatia,202006,49.901
HR,Croatia,202007,52.726
HR,Croatia,202008,54.286
HR,Croatia,202009,44.571
HR,Croatia,202010,39.842
HR,Croatia,202011,36.595
HR,Croatia,202012,27.931
HR,Croatia,202101,36.617
HR,Croatia,202102,45.186
HR,Croatia,202103,49.132
HR,Croatia,202104,30.499
HR,Croatia,202105,19.165
HR,Croatia,202106,17.408
HR,Croatia,202107,17.252
HR,Croatia,202108,14.263
HR,Croatia,202109,16.169
HR,Croatia,202110,24.055
HR,Croatia,202111,30.399
HR,Croatia,202112,31.137
HR,Croatia,202201,24.246
HR,Croatia,202202,17.007
HR,Croatia,202203,8.272
HR,Croatia,202204,8.04
HR,Croatia,202205,14.995
HR,Croatia,202206,15.085
HR,Croatia,202207,11.692
HR,Croatia,202208,11.889
HR,Croatia,202209,12.887
HR,Croatia,202210,11.106
HR,Croatia,202211,4.989
HR,Croatia,202212,5.004
HR,Croatia,202301,3.089
HR,Croatia,202302,2.445
HR,Croatia,202303,7.341
HR,Croatia,202304,9.549
HR,Croatia,202305,5.578
HR,Croatia,202306,7.006
HR,Croatia,202307,8.686
HR,Croatia,202308,7.255
HR,Croatia,202309,4.764
HR,Croatia,202310,-0.022
HR,Croatia,202311,2.475
HR,Croatia,202312,1.893
HR,Croatia,202401,3.185
HR,Croatia,202402,6.714
HR,Croatia,202403,4.593
HR,Croatia,202404,5.955
HR,Croatia,202405,3.657
HR,Croatia,202406,1.953
HR,Croatia,202407,4.573
HR,Croatia,202408,4.82
HR,Croatia,202409,7.004
HR,Croatia,202410,10.395
HR,Croatia,202411,7.764
HR,Croatia,202412,7.618
HR,Croatia,202501,8.746
HR,Croatia,202502,10.485
TR,Türkiye,201801,37.824
TR,Türkiye,201802,42.887
TR,Türkiye,201803,63.534
TR,Türkiye,201804,44.227
TR,Türkiye,201805,53.482
TR,Türkiye,201806,51.992
TR,Türkiye,201807,55.755
TR,Türkiye,201808,52.636
TR,Türkiye,201809,51.304
TR,Türkiye,201810,52.742
TR,Türkiye,201811,48.967
TR,Türkiye,201812,47.649
TR,Türkiye,201901,45.682
TR,Türkiye,201902,46.391
TR,Türkiye,201903,38.487
TR,Türkiye,201904,43.788
TR,Türkiye,201905,37.143
TR,Türkiye,201906,38.308
TR,Türkiye,201907,34.006
TR,Türkiye,201908,34.076
TR,Türkiye,201909,32.913
TR,Türkiye,201910,30.153
TR,Türkiye,201911,31.761
TR,Türkiye,201912,31.48
TR,Türkiye,202001,32.644
TR,Türkiye,202002,29.174
TR,Türkiye,202003,31.862
TR,Türkiye,202004,33.302
TR,Türkiye,202005,38.988
TR,Türkiye,202006,34.398
TR,Türkiye,202007,35.721
TR,Türkiye,202008,35.253
TR,Türkiye,202009,35.689
TR,Türkiye,202010,34.453
TR,Türkiye,202011,33.59
TR,Türkiye,202012,34.199
TR,Türkiye,202101,34.926
TR,Türkiye,202102,36.257
TR,Türkiye,202103,34.338
TR,Türkiye,202104,28.083
TR,Türkiye,202105,23.013
TR,Türkiye,202106,24.99
TR,Türkiye,202107,21.575
TR,Türkiye,202108,20.55
TR,Türkiye,202109,18.443
TR,Türkiye,202110,18.286
TR,Türkiye,202111,17.789
TR,Türkiye,202112,15.043
TR,Türkiye,202201,12.544
TR,Türkiye,202202,9.867
TR,Türkiye,202203,8.545
TR,Türkiye,202204,10.481
TR,Türkiye,202205,7.514
TR,Türkiye,202206,4.786
TR,Türkiye,202207,5.257
TR,Türkiye,202208,2.871
TR,Türkiye,202209,1.303
TR,Türkiye,202210,-0.587
TR,Türkiye,202211,-1.126
TR,Türkiye,202212,-3.063
TR,Türkiye,202301,-4.126
TR,Türkiye,202302,-3.789
TR,Türkiye,202303,-4.982
TR,Türkiye,202304,-7.874
TR,Türkiye,202305,-8.009
TR,Türkiye,202306,-7.546
TR,Türkiye,202307,-7.611
TR,Türkiye,202308,-4.356
TR,Türkiye,202309,-2.225
TR,Türkiye,202310,-1.169
TR,Türkiye,202311,-2.336
TR,Türkiye,202312,0.652
TR,Türkiye,202401,1.968
TR,Türkiye,202402,2.85
TR,Türkiye,202403,6.46
TR,Türkiye,202404,9.404
TR,Türkiye,202405,12.789
TR,Türkiye,202406,14.416
TR,Türkiye,202407,15.612
TR,Türkiye,202408,14.735
TR,Türkiye,202409,15.105
TR,Türkiye,202410,16.296
TR,Türkiye,202411,19.506
TR,Türkiye,202412,20.363
TR,Türkiye,202501,20.969
TR,Türkiye,202502,21.272
LV,Latvia,201801,17.245
LV,Latvia,201802,-12.614
LV,Latvia,201803,34.969
LV,Latvia,201804,22.655
LV,Latvia,201805,27.395
LV,Latvia,201806,19.455
LV,Latvia,201807,13.879
LV,Latvia,201808,4.922
LV,Latvia,201809,10.087
LV,Latvia,201810,37.736
LV,Latvia,201811,43.226
LV,Latvia,201812,33.576
LV,Latvia,201901,35.205
LV,Latvia,201902,65.451
LV,Latvia,201903,56.438
LV,Latvia,201904,63.916
LV,Latvia,201905,59.608
LV,Latvia,201906,64.062
LV,Latvia,201907,66.067
LV,Latvia,201908,76.142
LV,Latvia,201909,68.414
LV,Latvia,201910,42.697
LV,Latvia,201911,30.68
LV,Latvia,201912,41.957
LV,Latvia,202001,37.582
LV,Latvia,202002,6.944
LV,Latvia,202003,1.009
LV,Latvia,202004,-1.851
LV,Latvia,202005,0.354
LV,Latvia,202006,-2.547
LV,Latvia,202007,1.724
LV,Latvia,202008,-3.141
LV,Latvia,202009,0.739
LV,Latvia,202010,1.388
LV,Latvia,202011,11.069
LV,Latvia,202012,16.425
LV,Latvia,202101,23.648
LV,Latvia,202102,34.991
LV,Latvia,202103,43.569
LV,Latvia,202104,40.385
LV,Latvia,202105,41.066
LV,Latvia,202106,43.833
LV,Latvia,202107,35.95
LV,Latvia,202108,35.026
LV,Latvia,202109,36.892
LV,Latvia,202110,38.3
LV,Latvia,202111,32.588
LV,Latvia,202112,20.294
LV,Latvia,202201,10.43
LV,Latvia,202202,0.058
LV,Latvia,202203,-2.577
LV,Latvia,202204,-5.438
LV,Latvia,202205,-7.937
LV,Latvia,202206,-13.465
LV,Latvia,202207,-10.553
LV,Latvia,202208,-8.735
LV,Latvia,202209,-12.819
LV,Latvia,202210,-5.945
LV,Latvia,202211,-6.161
LV,Latvia,202212,-4.915
LV,Latvia,202301,4.111
LV,Latvia,202302,10.456
LV,Latvia,202303,9.18
LV,Latvia,202304,12.455
LV,Latvia,202305,9.285
LV,Latvia,202306,12.88
LV,Latvia,202307,14.504
LV,Latvia,202308,15.882
LV,Latvia,202309,19.567
LV,Latvia,202310,10.227
LV,Latvia,202311,10.198
LV,Latvia,202312,11.918
LV,Latvia,202401,6.759
LV,Latvia,202402,6.41
LV,Latvia,202403,9.799
LV,Latvia,202404,7.307
LV,Latvia,202405,13.021
LV,Latvia,202406,12.687
LV,Latvia,202407,13.878
LV,Latvia,202408,7.834
LV,Latvia,202409,9.624
LV,Latvia,202410,13.802
LV,Latvia,202411,19.542
LV,Latvia,202412,23.595
LV,Latvia,202501,25.9
LV,Latvia,202502,21.781
NO,Norway,201801,56.351
NO,Norway,201802,56.325
NO,Norway,201803,58.841
NO,Norway,201804,48.917
NO,Norway,201805,42.491
NO,Norway,201806,46.082
NO,Norway,201807,42.95
NO,Norway,201808,40.125
NO,Norway,201809,41.949
NO,Norway,201810,39.419
NO,Norway,201811,39.36
NO,Norway,201812,37.236
NO,Norway,201901,33.881
NO,Norway,201902,30.657
NO,Norway,201903,25.387
NO,Norway,201904,24.068
NO,Norway,201905,26.72
NO,Norway,201906,22.78
NO,Norway,201907,22.658
NO,Norway,201908,23.297
NO,Norway,201909,18.633
NO,Norway,201910,17.267
NO,Norway,201911,13.484
NO,Norway,201912,13.379
NO,Norway,202001,14.133
NO,Norway,202002,12.807
NO,Norway,202003,15.752
NO,Norway,202004,13.751
NO,Norway,202005,11.451
NO,Norway,202006,12.479
NO,Norway,202007,10.452
NO,Norway,202008,10.167
NO,Norway,202009,9.833
NO,Norway,202010,11.106
NO,Norway,202011,13.875
NO,Norway,202012,15.295
NO,Norway,202101,13.778
NO,Norway,202102,14.271
NO,Norway,202103,10.577
NO,Norway,202104,18.132
NO,Norway,202105,14.015
NO,Norway,202106,12.093
NO,Norway,202107,15.651
NO,Norway,202108,13.487
NO,Norway,202109,16.098
NO,Norway,202110,16.896
NO,Norway,202111,17.217
NO,Norway,202112,15.96
NO,Norway,202201,16.011
NO,Norway,202202,16.326
NO,Norway,202203,18.51
NO,Norway,202204,12.728
NO,Norway,202205,18.209
NO,Norway,202206,18.308
NO,Norway,202207,13.906
NO,Norway,202208,14.181
NO,Norway,202209,11.751
NO,Norway,202210,10.528
NO,Norway,202211,7.379
NO,Norway,202212,5.725
NO,Norway,202301,6.028
NO,Norway,202302,5.884
NO,Norway,202303,5.333
NO,Norway,202304,6.258
NO,Norway,202305,3.567
NO,Norway,202306,3.486
NO,Norway,202307,3.702
NO,Norway,202308,4.138
NO,Norway,202309,4.735
NO,Norway,202310,4.277
NO,Norway,202311,7.951
NO,Norway,202312,8.63
NO,Norway,202401,7.705
NO,Norway,202402,8.343
NO,Norway,202403,7.866
NO,Norway,202404,7.411
NO,Norway,202405,9.075
NO,Norway,202406,9.585
NO,Norway,202407,12.717
NO,Norway,202408,12.64
NO,Norway,202409,14.846
NO,Norway,202410,15.437
NO,Norway,202411,12.912
NO,Norway,202412,13.334
NO,Norway,202501,16.73
NO,Norway,202502,15.378
LT,Lithuania,201801,-35.656
LT,Lithuania,201802,3.113
LT,Lithuania,201803,42.19
LT,Lithuania,201804,55.592
LT,Lithuania,201805,59.367
LT,Lithuania,201806,51.893
LT,Lithuania,201807,70.669
LT,Lithuania,201808,55.805
LT,Lithuania,201809,55.509
LT,Lithuania,201810,50.497
LT,Lithuania,201811,46.913
LT,Lithuania,201812,45.058
LT,Lithuania,201901,56.76
LT,Lithuania,201902,51.771
LT,Lithuania,201903,41.087
LT,Lithuania,201904,33.057
LT,Lithuania,201905,30.466
LT,Lithuania,201906,29.988
LT,Lithuania,201907,15.88
LT,Lithuania,201908,29.521
LT,Lithuania,201909,23.387
LT,Lithuania,201910,22.983
LT,Lithuania,201911,24.372
LT,Lithuania,201912,22.586
LT,Lithuania,202001,14.708
LT,Lithuania,202002,15.658
LT,Lithuania,202003,18.667
LT,Lithuania,202004,19.096
LT,Lithuania,202005,19.106
LT,Lithuania,202006,17.266
LT,Lithuania,202007,16.516
LT,Lithuania,202008,6.818
LT,Lithuania,202009,11.932
LT,Lithuania,202010,14.429
LT,Lithuania,202011,12.127
LT,Lithuania,202012,15.258
LT,Lithuania,202101,15.461
LT,Lithuania,202102,15.708
LT,Lithuania,202103,15.134
LT,Lithuania,202104,13.62
LT,Lithuania,202105,6.098
LT,Lithuania,202106,8.878
LT,Lithuania,202107,11.202
LT,Lithuania,202108,11.614
LT,Lithuania,202109,7.887
LT,Lithuania,202110,4.355
LT,Lithuania,202111,5.42
LT,Lithuania,202112,2.521
LT,Lithuania,202201,-1.25
LT,Lithuania,202202,4.886
LT,Lithuania,202203,1.596
LT,Lithuania,202204,5.129
LT,Lithuania,202205,14.1
LT,Lithuania,202206,12.336
LT,Lithuania,202207,7.374
LT,Lithuania,202208,8.355
LT,Lithuania,202209,7.978
LT,Lithuania,202210,9.916
LT,Lithuania,202211,7.25
LT,Lithuania,202212,7.373
LT,Lithuania,202301,12.665
LT,Lithuania,202302,6.446
LT,Lithuania,202303,10.044
LT,Lithuania,202304,7.92
LT,Lithuania,202305,1.92
LT,Lithuania,202306,1.072
LT,Lithuania,202307,5.634
LT,Lithuania,202308,4.217
LT,Lithuania,202309,7.204
LT,Lithuania,202310,7.588
LT,Lithuania,202311,10.586
LT,Lithuania,202312,10.215
LT,Lithuania,202401,7.528
LT,Lithuania,202402,7.753
LT,Lithuania,202403,6.494
LT,Lithuania,202404,6.479
LT,Lithuania,202405,9.1
LT,Lithuania,202406,14.347
LT,Lithuania,202407,10.96
LT,Lithuania,202408,11.765
LT,Lithuania,202409,11.982
LT,Lithuania,202410,13.254
LT,Lithuania,202411,12.134
LT,Lithuania,202412,12.197
LT,Lithuania,202501,12.825
LT,Lithuania,202502,14.363
DK,Denmark,201801,20.227
DK,Denmark,201802,10.449
DK,Denmark,201803,11.492
DK,Denmark,201804,11.767
DK,Denmark,201805,16.412
DK,Denmark,201806,16.318
DK,Denmark,201807,20.776
DK,Denmark,201808,20.64
DK,Denmark,201809,19.333
DK,Denmark,201810,20.234
DK,Denmark,201811,20.695
DK,Denmark,201812,24.384
DK,Denmark,201901,24.698
DK,Denmark,201902,26.799
DK,Denmark,201903,28.282
DK,Denmark,201904,29.21
DK,Denmark,201905,27.662
DK,Denmark,201906,33.199
DK,Denmark,201907,33.076
DK,Denmark,201908,33.445
DK,Denmark,201909,36.169
DK,Denmark,201910,35.463
DK,Denmark,201911,33.867
DK,Denmark,201912,29.912
DK,Denmark,202001,28.389
DK,Denmark,202002,27.187
DK,Denmark,202003,26.478
DK,Denmark,202004,25.22
DK,Denmark,202005,24.335
DK,Denmark,202006,18.433
DK,Denmark,202007,14.564
DK,Denmark,202008,13.255
DK,Denmark,202009,9.294
DK,Denmark,202010,7.711
DK,Denmark,202011,8.603
DK,Denmark,202012,6.644
DK,Denmark,202101,7.773
DK,Denmark,202102,9.235
DK,Denmark,202103,8.228
DK,Denmark,202104,8.457
DK,Denmark,202105,9.575
DK,Denmark,202106,8.235
DK,Denmark,202107,11.446
DK,Denmark,202108,11.635
DK,Denmark,202109,14.647
DK,Denmark,202110,16.914
DK,Denmark,202111,17.145
DK,Denmark,202112,20.161
DK,Denmark,202201,19.576
DK,Denmark,202202,18.699
DK,Denmark,202203,19.298
DK,Denmark,202204,18.813
DK,Denmark,202205,17.01
DK,Denmark,202206,18.045
DK,Denmark,202207,14.268
DK,Denmark,202208,14.586
DK,Denmark,202209,12.83
DK,Denmark,202210,11.954
DK,Denmark,202211,10.588
DK,Denmark,202212,9.537
DK,Denmark,202301,8.98
DK,Denmark,202302,7.474
DK,Denmark,202303,5.559
DK,Denmark,202304,5.42
DK,Denmark,202305,8.097
DK,Denmark,202306,8.911
DK,Denmark,202307,10.479
DK,Denmark,202308,11.247
DK,Denmark,202309,11.802
DK,Denmark,202310,10.475
DK,Denmark,202311,11.947
DK,Denmark,202312,10.633
DK,Denmark,202401,11.702
DK,Denmark,202402,13.449
DK,Denmark,202403,16.218
DK,Denmark,202404,17.377
DK,Denmark,202405,16.512
DK,Denmark,202406,16.915
DK,Denmark,202407,18.526
DK,Denmark,202408,18.292
DK,Denmark,202409,17.145
DK,Denmark,202410,18.456
DK,Denmark,202411,18.754
DK,Denmark,202412,20.47
DK,Denmark,202501,19.9
DK,Denmark,202502,18.748
RO,Romania,201801,-8.179
RO,Romania,201802,-10.342
RO,Romania,201803,6.235
RO,Romania,201804,22.763
RO,Romania,201805,25.136
RO,Romania,201806,24.139
RO,Romania,201807,23.072
RO,Romania,201808,31.937
RO,Romania,201809,28.886
RO,Romania,201810,28.423
RO,Romania,201811,32.105
RO,Romania,201812,36.591
RO,Romania,201901,37.33
RO,Romania,201902,44.063
RO,Romania,201903,41.969
RO,Romania,201904,34.573
RO,Romania,201905,35.272
RO,Romania,201906,37.832
RO,Romania,201907,39.876
RO,Romania,201908,37.167
RO,Romania,201909,42.181
RO,Romania,201910,40.547
RO,Romania,201911,36.228
RO,Romania,201912,29.702
RO,Romania,202001,31.945
RO,Romania,202002,25.471
RO,Romania,202003,24.94
RO,Romania,202004,29.2
RO,Romania,202005,25.462
RO,Romania,202006,20.673
RO,Romania,202007,18.614
RO,Romania,202008,9.727
RO,Romania,202009,3.872
RO,Romania,202010,4.474
RO,Romania,202011,5.376
RO,Romania,202012,4.78
RO,Romania,202101,5.372
RO,Romania,202102,7.552
RO,Romania,202103,8.897
RO,Romania,202104,8.816
RO,Romania,202105,11.256
RO,Romania,202106,15.533
RO,Romania,202107,14.411
RO,Romania,202108,25.608
RO,Romania,202109,28.5
RO,Romania,202110,29.094
RO,Romania,202111,24.559
RO,Romania,202112,24.163
RO,Romania,202201,21.49
RO,Romania,202202,19.972
RO,Romania,202203,16.716
RO,Romania,202204,13.07
RO,Romania,202205,10.965
RO,Romania,202206,7.218
RO,Romania,202207,7.832
RO,Romania,202208,0.424
RO,Romania,202209,-2.452
RO,Romania,202210,-4.625
RO,Romania,202211,-1.367
RO,Romania,202212,-2.275
RO,Romania,202301,-2.785
RO,Romania,202302,-0.209
RO,Romania,202303,1.076
RO,Romania,202304,2.201
RO,Romania,202305,0.028
RO,Romania,202306,-0.915
RO,Romania,202307,-2.07
RO,Romania,202308,-3.124
RO,Romania,202309,-3.659
RO,Romania,202310,-1.974
RO,Romania,202311,-3.287
RO,Romania,202312,1.649
RO,Romania,202401,2.125
RO,Romania,202402,2.448
RO,Romania,202403,3.829
RO,Romania,202404,6.221
RO,Romania,202405,12.029
RO,Romania,202406,15.245
RO,Romania,202407,18.117
RO,Romania,202408,21.534
RO,Romania,202409,24.696
RO,Romania,202410,24.855
RO,Romania,202411,28.454
RO,Romania,202412,27.311
RO,Romania,202501,30.066
RO,Romania,202502,28.032
HU,Hungary,201801,27.043
HU,Hungary,201802,34.839
HU,Hungary,201803,51.787
HU,Hungary,201804,38.166
HU,Hungary,201805,30.072
HU,Hungary,201806,29.697
HU,Hungary,201807,26.816
HU,Hungary,201808,23.917
HU,Hungary,201809,19.055
HU,Hungary,201810,21.045
HU,Hungary,201811,25.08
HU,Hungary,201812,23.344
HU,Hungary,201901,23.012
HU,Hungary,201902,21.952
HU,Hungary,201903,13.279
HU,Hungary,201904,15.025
HU,Hungary,201905,15.106
HU,Hungary,201906,11.702
HU,Hungary,201907,13.007
HU,Hungary,201908,14.745
HU,Hungary,201909,18.46
HU,Hungary,201910,15.761
HU,Hungary,201911,9.4
HU,Hungary,201912,13.17
HU,Hungary,202001,11.03
HU,Hungary,202002,10.5
HU,Hungary,202003,15.174
HU,Hungary,202004,16.105
HU,Hungary,202005,17.75
HU,Hungary,202006,24.781
HU,Hungary,202007,20.548
HU,Hungary,202008,15.769
HU,Hungary,202009,16.471
HU,Hungary,202010,16.972
HU,Hungary,202011,20.272
HU,Hungary,202012,18.482
HU,Hungary,202101,18.612
HU,Hungary,202102,14.578
HU,Hungary,202103,14.025
HU,Hungary,202104,12.501
HU,Hungary,202105,15.799
HU,Hungary,202106,8.735
HU,Hungary,202107,13.148
HU,Hungary,202108,25.881
HU,Hungary,202109,23.122
HU,Hungary,202110,21.305
HU,Hungary,202111,18.505
HU,Hungary,202112,17.006
HU,Hungary,202201,15.96
HU,Hungary,202202,19.785
HU,Hungary,202203,18.692
HU,Hungary,202204,18.594
HU,Hungary,202205,14.308
HU,Hungary,202206,16.364
HU,Hungary,202207,15.304
HU,Hungary,202208,4.052
HU,Hungary,202209,7.033
HU,Hungary,202210,10.588
HU,Hungary,202211,13.544
HU,Hungary,202212,12.999
HU,Hungary,202301,18.597
HU,Hungary,202302,17.894
HU,Hungary,202303,16.09
HU,Hungary,202304,16.992
HU,Hungary,202305,15.165
HU,Hungary,202306,12.091
HU,Hungary,202307,12.294
HU,Hungary,202308,13.773
HU,Hungary,202309,10.52
HU,Hungary,202310,4.938
HU,Hungary,202311,2.957
HU,Hungary,202312,4.008
HU,Hungary,202401,-0.691
HU,Hungary,202402,-0.559
HU,Hungary,202403,0.064
HU,Hungary,202404,-0.564
HU,Hungary,202405,3.635
HU,Hungary,202406,10.453
HU,Hungary,202407,8.756
HU,Hungary,202408,10.868
HU,Hungary,202409,13.331
HU,Hungary,202410,21.404
HU,Hungary,202411,21.648
HU,Hungary,202412,22.344
HU,Hungary,202501,24.601
HU,Hungary,202502,23.419
GR,Greece,201801,48.883
GR,Greece,201802,37.061
GR,Greece,201803,24.495
GR,Greece,201804,24.037
GR,Greece,201805,36.264
GR,Greece,201806,33.353
GR,Greece,201807,23.062
GR,Greece,201808,19.731
GR,Greece,201809,22.158
GR,Greece,201810,19.865
GR,Greece,201811,19.889
GR,Greece,201812,23.706
GR,Greece,201901,19.492
GR,Greece,201902,20.319
GR,Greece,201903,26.11
GR,Greece,201904,25.036
GR,Greece,201905,18.151
GR,Greece,201906,16.866
GR,Greece,201907,23.828
GR,Greece,201908,30.032
GR,Greece,201909,28.422
GR,Greece,201910,31.004
GR,Greece,201911,30.962
GR,Greece,201912,26.904
GR,Greece,202001,27.889
GR,Greece,202002,25.078
GR,Greece,202003,19.965
GR,Greece,202004,24.34
GR,Greece,202005,29.562
GR,Greece,202006,31.115
GR,Greece,202007,29.096
GR,Greece,202008,21.301
GR,Greece,202009,20.341
GR,Greece,202010,20.332
GR,Greece,202011,21.286
GR,Greece,202012,24.746
GR,Greece,202101,26.936
GR,Greece,202102,30.643
GR,Greece,202103,30.817
GR,Greece,202104,23.462
GR,Greece,202105,15.972
GR,Greece,202106,15.921
GR,Greece,202107,15.521
GR,Greece,202108,19.379
GR,Greece,202109,17.891
GR,Greece,202110,14.288
GR,Greece,202111,10.35
GR,Greece,202112,3.063
GR,Greece,202201,-0.62
GR,Greece,202202,-6.209
GR,Greece,202203,-7.187
GR,Greece,202204,-4.413
GR,Greece,202205,-2.591
GR,Greece,202206,-4.55
GR,Greece,202207,-5.009
GR,Greece,202208,-6.015
GR,Greece,202209,-5.487
GR,Greece,202210,-5.554
GR,Greece,202211,-4.707
GR,Greece,202212,2.461
GR,Greece,202301,3.544
GR,Greece,202302,5.197
GR,Greece,202303,5.977
GR,Greece,202304,5.513
GR,Greece,202305,4.912
GR,Greece,202306,5.969
GR,Greece,202307,5.638
GR,Greece,202308,3.675
GR,Greece,202309,5.719
GR,Greece,202310,9.822
GR,Greece,202311,13.623
GR,Greece,202312,7.538
GR,Greece,202401,7.55
GR,Greece,202402,8.77
GR,Greece,202403,9.714
GR,Greece,202404,9.959
GR,Greece,202405,16.049
GR,Greece,202406,15.513
GR,Greece,202407,15.776
GR,Greece,202408,18.608
GR,Greece,202409,17.31
GR,Greece,202410,15.232
GR,Greece,202411,11.272
GR,Greece,202412,14.523
GR,Greece,202501,14.373
GR,Greece,202502,14.38
ES,Spain,201801,32.171
ES,Spain,201802,30.449
ES,Spain,201803,28.679
ES,Spain,201804,25.587
ES,Spain,201805,24.106
ES,Spain,201806,25.053
ES,Spain,201807,27.278
ES,Spain,201808,27.012
ES,Spain,201809,26.994
ES,Spain,201810,26.772
ES,Spain,201811,25.949
ES,Spain,201812,27.822
ES,Spain,201901,26.178
ES,Spain,201902,26.169
ES,Spain,201903,25.888
ES,Spain,201904,26.132
ES,Spain,201905,26.134
ES,Spain,201906,24.857
ES,Spain,201907,22.31
ES,Spain,201908,21.159
ES,Spain,201909,20.072
ES,Spain,201910,19.209
ES,Spain,201911,19.198
ES,Spain,201912,16.347
ES,Spain,202001,16.453
ES,Spain,202002,13.88
ES,Spain,202003,15.442
ES,Spain,202004,18.536
ES,Spain,202005,21.811
ES,Spain,202006,21.38
ES,Spain,202007,21.075
ES,Spain,202008,20.735
ES,Spain,202009,20.027
ES,Spain,202010,20.046
ES,Spain,202011,20.183
ES,Spain,202012,20.051
ES,Spain,202101,20.774
ES,Spain,202102,23.825
ES,Spain,202103,20.208
ES,Spain,202104,15.009
ES,Spain,202105,9.284
ES,Spain,202106,11.138
ES,Spain,202107,11.75
ES,Spain,202108,14.055
ES,Spain,202109,15.108
ES,Spain,202110,14.36
ES,Spain,202111,12.335
ES,Spain,202112,12.146
ES,Spain,202201,10.587
ES,Spain,202202,8.164
ES,Spain,202203,9.035
ES,Spain,202204,9.754
ES,Spain,202205,10.308
ES,Spain,202206,7.566
ES,Spain,202207,8.155
ES,Spain,202208,4.564
ES,Spain,202209,3.696
ES,Spain,202210,3.751
ES,Spain,202211,4.789
ES,Spain,202212,4.45
ES,Spain,202301,3.99
ES,Spain,202302,3.866
ES,Spain,202303,3.191
ES,Spain,202304,3.897
ES,Spain,202305,5.151
ES,Spain,202306,5.188
ES,Spain,202307,3.256
ES,Spain,202308,4.386
ES,Spain,202309,4.869
ES,Spain,202310,4.513
ES,Spain,202311,5.364
ES,Spain,202312,5.618
ES,Spain,202401,7.216
ES,Spain,202402,7.723
ES,Spain,202403,10.243
ES,Spain,202404,9.751
ES,Spain,202405,10.174
ES,Spain,202406,11.768
ES,Spain,202407,12.933
ES,Spain,202408,14.209
ES,Spain,202409,14.219
ES,Spain,202410,16.394
ES,Spain,202411,16.804
ES,Spain,202412,18.221
ES,Spain,202501,18.025
ES,Spain,202502,18.846
IT,Italy,201801,7.208
IT,Italy,201802,17.337
IT,Italy,201803,15.332
IT,Italy,201804,16.543
IT,Italy,201805,19.954
IT,Italy,201806,16.557
IT,Italy,201807,16.489
IT,Italy,201808,21.642
IT,Italy,201809,21.063
IT,Italy,201810,20.943
IT,Italy,201811,22.268
IT,Italy,201812,24.195
IT,Italy,201901,27.576
IT,Italy,201902,27.265
IT,Italy,201903,29.03
IT,Italy,201904,26.924
IT,Italy,201905,25.684
IT,Italy,201906,28.076
IT,Italy,201907,28.807
IT,Italy,201908,24.756
IT,Italy,201909,24.92
IT,Italy,201910,25.109
IT,Italy,201911,23.1
IT,Italy,201912,20.273
IT,Italy,202001,16.358
IT,Italy,202002,15.01
IT,Italy,202003,15.535
IT,Italy,202004,23.957
IT,Italy,202005,25.24
IT,Italy,202006,24.573
IT,Italy,202007,22.826
IT,Italy,202008,23.606
IT,Italy,202009,23.699
IT,Italy,202010,22.846
IT,Italy,202011,23.897
IT,Italy,202012,25.256
IT,Italy,202101,27.651
IT,Italy,202102,28.342
IT,Italy,202103,24.683
IT,Italy,202104,15.378
IT,Italy,202105,12.794
IT,Italy,202106,12.147
IT,Italy,202107,13.307
IT,Italy,202108,11.532
IT,Italy,202109,11.639
IT,Italy,202110,11.415
IT,Italy,202111,8.948
IT,Italy,202112,6.965
IT,Italy,202201,4.865
IT,Italy,202202,4.33
IT,Italy,202203,5.593
IT,Italy,202204,6.661
IT,Italy,202205,6.534
IT,Italy,202206,6.106
IT,Italy,202207,5.336
IT,Italy,202208,8.234
IT,Italy,202209,6.486
IT,Italy,202210,6.05
IT,Italy,202211,8.302
IT,Italy,202212,7.03
IT,Italy,202301,6.734
IT,Italy,202302,6.676
IT,Italy,202303,6.105
IT,Italy,202304,7.284
IT,Italy,202305,8.171
IT,Italy,202306,7.535
IT,Italy,202307,6.921
IT,Italy,202308,3.485
IT,Italy,202309,3.621
IT,Italy,202310,4.501
IT,Italy,202311,2.346
IT,Italy,202312,5.645
IT,Italy,202401,6.219
IT,Italy,202402,6.14
IT,Italy,202403,6.765
IT,Italy,202404,7.33
IT,Italy,202405,7.46
IT,Italy,202406,9.288
IT,Italy,202407,11.233
IT,Italy,202408,14.427
IT,Italy,202409,16.681
IT,Italy,202410,16.935
IT,Italy,202411,19.92
IT,Italy,202412,19.781
IT,Italy,202501,21.278
IT,Italy,202502,22.374
PT,Portugal,201801,-7.439
PT,Portugal,201802,-3.736
PT,Portugal,201803,-0.233
PT,Portugal,201804,17.622
PT,Portugal,201805,12.445
PT,Portugal,201806,13.834
PT,Portugal,201807,12.237
PT,Portugal,201808,13.565
PT,Portugal,201809,14.498
PT,Portugal,201810,15.67
PT,Portugal,201811,20.67
PT,Portugal,201812,17.938
PT,Portugal,201901,21.066
PT,Portugal,201902,25.698
PT,Portugal,201903,29.211
PT,Portugal,201904,23.407
PT,Portugal,201905,27.048
PT,Portugal,201906,26.792
PT,Portugal,201907,27.868
PT,Portugal,201908,25.743
PT,Portugal,201909,25.546
PT,Portugal,201910,24.842
PT,Portugal,201911,17.833
PT,Portugal,201912,22.208
PT,Portugal,202001,23.613
PT,Portugal,202002,20.313
PT,Portugal,202003,16.688
PT,Portugal,202004,22.283
PT,Portugal,202005,22.053
PT,Portugal,202006,23.107
PT,Portugal,202007,24.597
PT,Portugal,202008,27.443
PT,Portugal,202009,25.532
PT,Portugal,202010,24.994
PT,Portugal,202011,29.395
PT,Portugal,202012,28.978
PT,Portugal,202101,26.137
PT,Portugal,202102,24.518
PT,Portugal,202103,24.208
PT,Portugal,202104,17.939
PT,Portugal,202105,16.667
PT,Portugal,202106,15.208
PT,Portugal,202107,12.288
PT,Portugal,202108,10.259
PT,Portugal,202109,13.186
PT,Portugal,202110,13.983
PT,Portugal,202111,11.476
PT,Portugal,202112,8.458
PT,Portugal,202201,7.092
PT,Portugal,202202,9.349
PT,Portugal,202203,10.947
PT,Portugal,202204,10.445
PT,Portugal,202205,10.014
PT,Portugal,202206,9.644
PT,Portugal,202207,11.028
PT,Portugal,202208,11.226
PT,Portugal,202209,8.32
PT,Portugal,202210,6.544
PT,Portugal,202211,5.941
PT,Portugal,202212,6.924
PT,Portugal,202301,8.086
PT,Portugal,202302,6.138
PT,Portugal,202303,5.033
PT,Portugal,202304,7.177
PT,Portugal,202305,5.318
PT,Portugal,202306,4.302
PT,Portugal,202307,2.626
PT,Portugal,202308,2.183
PT,Portugal,202309,4.262
PT,Portugal,202310,5.292
PT,Portugal,202311,6.131
PT,Portugal,202312,5.546
PT,Portugal,202401,5.548
PT,Portugal,202402,7.066
PT,Portugal,202403,7.664
PT,Portugal,202404,8.305
PT,Portugal,202405,11.958
PT,Portugal,202406,14.108
PT,Portugal,202407,16.962
PT,Portugal,202408,17.961
PT,Portugal,202409,16.601
PT,Portugal,202410,16.385
PT,Portugal,202411,17.984
PT,Portugal,202412,19.672
PT,Portugal,202501,20.559
PT,Portugal,202502,19.608
SI,Slovenia,201801,-1.13
SI,Slovenia,201802,4.254
SI,Slovenia,201803,-0.953
SI,Slovenia,201804,4.2
SI,Slovenia,201805,14.99
SI,Slovenia,201806,22.761
SI,Slovenia,201807,19.32
SI,Slovenia,201808,22.908
SI,Slovenia,201809,16.773
SI,Slovenia,201810,12.989
SI,Slovenia,201811,17.732
SI,Slovenia,201812,13.228
SI,Slovenia,201901,16.866
SI,Slovenia,201902,14.048
SI,Slovenia,201903,16.586
SI,Slovenia,201904,16.663
SI,Slovenia,201905,13.038
SI,Slovenia,201906,10.344
SI,Slovenia,201907,11.876
SI,Slovenia,201908,7.024
SI,Slovenia,201909,14.383
SI,Slovenia,201910,18.172
SI,Slovenia,201911,14.001
SI,Slovenia,201912,20.72
SI,Slovenia,202001,18.915
SI,Slovenia,202002,19.636
SI,Slovenia,202003,15.746
SI,Slovenia,202004,13.967
SI,Slovenia,202005,11.197
SI,Slovenia,202006,14.025
SI,Slovenia,202007,13.041
SI,Slovenia,202008,12.058
SI,Slovenia,202009,11.462
SI,Slovenia,202010,7.957
SI,Slovenia,202011,11.724
SI,Slovenia,202012,7.18
SI,Slovenia,202101,6.215
SI,Slovenia,202102,21.463
SI,Slovenia,202103,32.632
SI,Slovenia,202104,32.229
SI,Slovenia,202105,35.299
SI,Slovenia,202106,26.758
SI,Slovenia,202107,27.442
SI,Slovenia,202108,35.357
SI,Slovenia,202109,31.55
SI,Slovenia,202110,36.945
SI,Slovenia,202111,30.585
SI,Slovenia,202112,33.126
SI,Slovenia,202201,31.977
SI,Slovenia,202202,16.087
SI,Slovenia,202203,6.417
SI,Slovenia,202204,7.021
SI,Slovenia,202205,12.747
SI,Slovenia,202206,13.297
SI,Slovenia,202207,12.637
SI,Slovenia,202208,5.906
SI,Slovenia,202209,4.16
SI,Slovenia,202210,0.324
SI,Slovenia,202211,4.029
SI,Slovenia,202212,3.342
SI,Slovenia,202301,3.975
SI,Slovenia,202302,6.243
SI,Slovenia,202303,8.581
SI,Slovenia,202304,8.461
SI,Slovenia,202305,-1.44
SI,Slovenia,202306,7.768
SI,Slovenia,202307,8.991
SI,Slovenia,202308,9.852
SI,Slovenia,202309,11.488
SI,Slovenia,202310,10.724
SI,Slovenia,202311,5.638
SI,Slovenia,202312,6.989
SI,Slovenia,202401,10.828
SI,Slovenia,202402,10.09
SI,Slovenia,202403,10.298
SI,Slovenia,202404,10.425
SI,Slovenia,202405,14.971
SI,Slovenia,202406,7.731
SI,Slovenia,202407,8.998
SI,Slovenia,202408,13.384
SI,Slovenia,202409,17.596
SI,Slovenia,202410,23.561
SI,Slovenia,202411,34.064
SI,Slovenia,202412,28.205
SI,Slovenia,202501,23.242
SI,Slovenia,202502,28.527
LU,Luxembourg,201801,-10.41
LU,Luxembourg,201802,-20.008
LU,Luxembourg,201803,-8.676
LU,Luxembourg,201804,9.649
LU,Luxembourg,201805,5.454
LU,Luxembourg,201806,16.651
LU,Luxembourg,201807,11.779
LU,Luxembourg,201808,29.914
LU,Luxembourg,201809,30.303
LU,Luxembourg,201810,27.653
LU,Luxembourg,201811,23.959
LU,Luxembourg,201812,19.25
LU,Luxembourg,201901,23.452
LU,Luxembourg,201902,27.083
LU,Luxembourg,201903,24.633
LU,Luxembourg,201904,19.072
LU,Luxembourg,201905,25.489
LU,Luxembourg,201906,22.478
LU,Luxembourg,201907,28.612
LU,Luxembourg,201908,12.946
LU,Luxembourg,201909,7.813
LU,Luxembourg,201910,7.046
LU,Luxembourg,201911,8.766
LU,Luxembourg,201912,20.062
LU,Luxembourg,202001,17.483
LU,Luxembourg,202002,20.066
LU,Luxembourg,202003,22.913
LU,Luxembourg,202004,21
LU,Luxembourg,202005,16.705
LU,Luxembourg,202006,15.753
LU,Luxembourg,202007,12.547
LU,Luxembourg,202008,17.765
LU,Luxembourg,202009,26.191
LU,Luxembourg,202010,27.036
LU,Luxembourg,202011,28.077
LU,Luxembourg,202012,15.838
LU,Luxembourg,202101,18.326
LU,Luxembourg,202102,13.074
LU,Luxembourg,202103,12.09
LU,Luxembourg,202104,22.915
LU,Luxembourg,202105,20.621
LU,Luxembourg,202106,17.773
LU,Luxembourg,202107,16.811
LU,Luxembourg,202108,15.396
LU,Luxembourg,202109,8.642
LU,Luxembourg,202110,9.204
LU,Luxembourg,202111,6.921
LU,Luxembourg,202112,19.144
LU,Luxembourg,202201,16.962
LU,Luxembourg,202202,21.566
LU,Luxembourg,202203,21.015
LU,Luxembourg,202204,13.827
LU,Luxembourg,202205,20.101
LU,Luxembourg,202206,18.929
LU,Luxembourg,202207,19.194
LU,Luxembourg,202208,18.036
LU,Luxembourg,202209,19.814
LU,Luxembourg,202210,18.89
LU,Luxembourg,202211,20.161
LU,Luxembourg,202212,12.189
LU,Luxembourg,202301,10.359
LU,Luxembourg,202302,8.354
LU,Luxembourg,202303,9.142
LU,Luxembourg,202304,7.547
LU,Luxembourg,202305,4.099
LU,Luxembourg,202306,8.732
LU,Luxembourg,202307,5.944
LU,Luxembourg,202308,5.32
LU,Luxembourg,202309,5.068
LU,Luxembourg,202310,6.924
LU,Luxembourg,202311,7.136
LU,Luxembourg,202312,5.802
LU,Luxembourg,202401,6.899
LU,Luxembourg,202402,6.429
LU,Luxembourg,202403,8.306
LU,Luxembourg,202404,10.831
LU,Luxembourg,202405,7.966
LU,Luxembourg,202406,3.806
LU,Luxembourg,202407,9.033
LU,Luxembourg,202408,8.514
LU,Luxembourg,202409,8.623
LU,Luxembourg,202410,5.881
LU,Luxembourg,202411,7.208
LU,Luxembourg,202412,9.148
LU,Luxembourg,202501,8.746
LU,Luxembourg,202502,7.979
AT,Austria,201801,29.184
AT,Austria,201802,49.571
AT,Austria,201803,28.995
AT,Austria,201804,20.552
AT,Austria,201805,12.476
AT,Austria,201806,9.002
AT,Austria,201807,9.108
AT,Austria,201808,14.428
AT,Austria,201809,17.947
AT,Austria,201810,19.141
AT,Austria,201811,16.405
AT,Austria,201812,18.139
AT,Austria,201901,16.206
AT,Austria,201902,9.663
AT,Austria,201903,16.111
AT,Austria,201904,16.931
AT,Austria,201905,20.26
AT,Austria,201906,23.512
AT,Austria,201907,28.241
AT,Austria,201908,23.865
AT,Austria,201909,19.808
AT,Austria,201910,16.52
AT,Austria,201911,21.244
AT,Austria,201912,18.796
AT,Austria,202001,18.35
AT,Austria,202002,19.98
AT,Austria,202003,14.701
AT,Austria,202004,18.894
AT,Austria,202005,22.304
AT,Austria,202006,21.335
AT,Austria,202007,14.609
AT,Austria,202008,15.666
AT,Austria,202009,17.756
AT,Austria,202010,22.926
AT,Austria,202011,20.095
AT,Austria,202012,21.105
AT,Austria,202101,23.427
AT,Austria,202102,22.801
AT,Austria,202103,22.103
AT,Austria,202104,17.252
AT,Austria,202105,11.657
AT,Austria,202106,8.879
AT,Austria,202107,10.373
AT,Austria,202108,10.153
AT,Austria,202109,8.457
AT,Austria,202110,3.837
AT,Austria,202111,2.078
AT,Austria,202112,0.96
AT,Austria,202201,-0.568
AT,Austria,202202,-0.534
AT,Austria,202203,2.158
AT,Austria,202204,1.387
AT,Austria,202205,0.936
AT,Austria,202206,2.229
AT,Austria,202207,2.022
AT,Austria,202208,1.312
AT,Austria,202209,1.06
AT,Austria,202210,1.245
AT,Austria,202211,4.231
AT,Austria,202212,3.298
AT,Austria,202301,1.384
AT,Austria,202302,1.78
AT,Austria,202303,-0.184
AT,Austria,202304,1.463
AT,Austria,202305,3.414
AT,Austria,202306,6.108
AT,Austria,202307,7.621
AT,Austria,202308,7.065
AT,Austria,202309,6.883
AT,Austria,202310,8.374
AT,Austria,202311,6.185
AT,Austria,202312,7.498
AT,Austria,202401,9.751
AT,Austria,202402,10.377
AT,Austria,202403,11.124
AT,Austria,202404,11.899
AT,Austria,202405,12.802
AT,Austria,202406,11.758
AT,Austria,202407,10.647
AT,Austria,202408,13.337
AT,Austria,202409,15.837
AT,Austria,202410,15.568
AT,Austria,202411,15.919
AT,Austria,202412,16.235
AT,Austria,202501,15.428
AT,Austria,202502,14.591
CZ,Czech Republic,201801,-2.293
CZ,Czech Republic,201802,15.695
CZ,Czech Republic,201803,-1.652
CZ,Czech Republic,201804,-5.158
CZ,Czech Republic,201805,-3.466
CZ,Czech Republic,201806,2.461
CZ,Czech Republic,201807,5.064
CZ,Czech Republic,201808,12.723
CZ,Czech Republic,201809,16.142
CZ,Czech Republic,201810,13.074
CZ,Czech Republic,201811,11.888
CZ,Czech Republic,201812,10.255
CZ,Czech Republic,201901,14.009
CZ,Czech Republic,201902,13.027
CZ,Czech Republic,201903,20.298
CZ,Czech Republic,201904,24.17
CZ,Czech Republic,201905,27.831
CZ,Czech Republic,201906,25.767
CZ,Czech Republic,201907,26.34
CZ,Czech Republic,201908,19.451
CZ,Czech Republic,201909,16.318
CZ,Czech Republic,201910,20.972
CZ,Czech Republic,201911,21.324
CZ,Czech Republic,201912,26.637
CZ,Czech Republic,202001,23.864
CZ,Czech Republic,202002,23.172
CZ,Czech Republic,202003,22.368
CZ,Czech Republic,202004,21.903
CZ,Czech Republic,202005,17.774
CZ,Czech Republic,202006,19.036
CZ,Czech Republic,202007,17.316
CZ,Czech Republic,202008,20.673
CZ,Czech Republic,202009,21.902
CZ,Czech Republic,202010,18.243
CZ,Czech Republic,202011,20.506
CZ,Czech Republic,202012,16.063
CZ,Czech Republic,202101,16.731
CZ,Czech Republic,202102,16.89
CZ,Czech Republic,202103,13.947
CZ,Czech Republic,202104,11.806
CZ,Czech Republic,202105,12.885
CZ,Czech Republic,202106,9.913
CZ,Czech Republic,202107,10.821
CZ,Czech Republic,202108,9.329
CZ,Czech Republic,202109,6.213
CZ,Czech Republic,202110,8.517
CZ,Czech Republic,202111,7.022
CZ,Czech Republic,202112,7.3
CZ,Czech Republic,202201,6.425
CZ,Czech Republic,202202,5.971
CZ,Czech Republic,202203,5.831
CZ,Czech Republic,202204,6.083
CZ,Czech Republic,202205,4.57
CZ,Czech Republic,202206,6.708
CZ,Czech Republic,202207,6.232
CZ,Czech Republic,202208,5.786
CZ,Czech Republic,202209,12.068
CZ,Czech Republic,202210,9.9
CZ,Czech Republic,202211,9.849
CZ,Czech Republic,202212,6.705
CZ,Czech Republic,202301,5.251
CZ,Czech Republic,202302,3.818
CZ,Czech Republic,202303,3.834
CZ,Czech Republic,202304,3.696
CZ,Czech Republic,202305,4.854
CZ,Czech Republic,202306,4.438
CZ,Czech Republic,202307,3.881
CZ,Czech Republic,202308,5.431
CZ,Czech Republic,202309,-0.623
CZ,Czech Republic,202310,0.949
CZ,Czech Republic,202311,1.205
CZ,Czech Republic,202312,8.163
CZ,Czech Republic,202401,11.496
CZ,Czech Republic,202402,13.399
CZ,Czech Republic,202403,13.45
CZ,Czech Republic,202404,15.172
CZ,Czech Republic,202405,16.657
CZ,Czech Republic,202406,17.814
CZ,Czech Republic,202407,18.76
CZ,Czech Republic,202408,17.033
CZ,Czech Republic,202409,19.009
CZ,Czech Republic,202410,17.871
CZ,Czech Republic,202411,16.535
CZ,Czech Republic,202412,11.286
CZ,Czech Republic,202501,8.188
CZ,Czech Republic,202502,5.22
FI,Finland,201801,29.38
FI,Finland,201802,15.698
FI,Finland,201803,9.56
FI,Finland,201804,13.575
FI,Finland,201805,15.539
FI,Finland,201806,12.873
FI,Finland,201807,6.347
FI,Finland,201808,6.378
FI,Finland,201809,7.149
FI,Finland,201810,7.521
FI,Finland,201811,8.047
FI,Finland,201812,7.896
FI,Finland,201901,5.447
FI,Finland,201902,3.985
FI,Finland,201903,4.259
FI,Finland,201904,3.195
FI,Finland,201905,3.421
FI,Finland,201906,8.326
FI,Finland,201907,14.29
FI,Finland,201908,15.867
FI,Finland,201909,15.508
FI,Finland,201910,16.922
FI,Finland,201911,16.762
FI,Finland,201912,19.611
FI,Finland,202001,22.732
FI,Finland,202002,26.729
FI,Finland,202003,28.314
FI,Finland,202004,30.102
FI,Finland,202005,29.038
FI,Finland,202006,24.481
FI,Finland,202007,19.862
FI,Finland,202008,18.785
FI,Finland,202009,20.053
FI,Finland,202010,19.627
FI,Finland,202011,19.662
FI,Finland,202012,16.678
FI,Finland,202101,14.514
FI,Finland,202102,13.499
FI,Finland,202103,14.617
FI,Finland,202104,9.736
FI,Finland,202105,9.634
FI,Finland,202106,10.955
FI,Finland,202107,14.408
FI,Finland,202108,13.951
FI,Finland,202109,12.883
FI,Finland,202110,11.603
FI,Finland,202111,12.353
FI,Finland,202112,12.344
FI,Finland,202201,11.139
FI,Finland,202202,9.494
FI,Finland,202203,6.758
FI,Finland,202204,10.327
FI,Finland,202205,9.294
FI,Finland,202206,6.324
FI,Finland,202207,6.903
FI,Finland,202208,6.295
FI,Finland,202209,5.748
FI,Finland,202210,6.277
FI,Finland,202211,4.209
FI,Finland,202212,3.202
FI,Finland,202301,2.833
FI,Finland,202302,4.874
FI,Finland,202303,2.818
FI,Finland,202304,1.359
FI,Finland,202305,1.336
FI,Finland,202306,4.218
FI,Finland,202307,-0.045
FI,Finland,202308,0.446
FI,Finland,202309,1.182
FI,Finland,202310,-2.02
FI,Finland,202311,-2.125
FI,Finland,202312,1.055
FI,Finland,202401,4.274
FI,Finland,202402,2.218
FI,Finland,202403,7.818
FI,Finland,202404,8.357
FI,Finland,202405,10.166
FI,Finland,202406,11.817
FI,Finland,202407,15.831
FI,Finland,202408,17.646
FI,Finland,202409,16.942
FI,Finland,202410,23.521
FI,Finland,202411,27.436
FI,Finland,202412,26.976
FI,Finland,202501,26.051
FI,Finland,202502,29.022
IE,Ireland,201801,8.757
IE,Ireland,201802,26.607
IE,Ireland,201803,21.405
IE,Ireland,201804,26.717
IE,Ireland,201805,23.983
IE,Ireland,201806,24.606
IE,Ireland,201807,20.95
IE,Ireland,201808,25.049
IE,Ireland,201809,25.436
IE,Ireland,201810,26.983
IE,Ireland,201811,25.779
IE,Ireland,201812,25.234
IE,Ireland,201901,24.839
IE,Ireland,201902,20.476
IE,Ireland,201903,21.674
IE,Ireland,201904,16.953
IE,Ireland,201905,16.265
IE,Ireland,201906,13.362
IE,Ireland,201907,15.064
IE,Ireland,201908,11.179
IE,Ireland,201909,10.618
IE,Ireland,201910,8.242
IE,Ireland,201911,7.939
IE,Ireland,201912,9.708
IE,Ireland,202001,11.091
IE,Ireland,202002,11.911
IE,Ireland,202003,11.913
IE,Ireland,202004,18.349
IE,Ireland,202005,20.678
IE,Ireland,202006,24.243
IE,Ireland,202007,23.879
IE,Ireland,202008,24.255
IE,Ireland,202009,21.878
IE,Ireland,202010,19.637
IE,Ireland,202011,21.209
IE,Ireland,202012,18.726
IE,Ireland,202101,19.337
IE,Ireland,202102,22.162
IE,Ireland,202103,20.18
IE,Ireland,202104,14.096
IE,Ireland,202105,10.321
IE,Ireland,202106,6.846
IE,Ireland,202107,6.743
IE,Ireland,202108,5.355
IE,Ireland,202109,6.815
IE,Ireland,202110,9.465
IE,Ireland,202111,6.465
IE,Ireland,202112,7.43
IE,Ireland,202201,5.771
IE,Ireland,202202,1.927
IE,Ireland,202203,0.311
IE,Ireland,202204,1.997
IE,Ireland,202205,4.214
IE,Ireland,202206,4.887
IE,Ireland,202207,3.154
IE,Ireland,202208,4.822
IE,Ireland,202209,4.609
IE,Ireland,202210,4.825
IE,Ireland,202211,5.73
IE,Ireland,202212,3.083
IE,Ireland,202301,0.585
IE,Ireland,202302,0.616
IE,Ireland,202303,2.411
IE,Ireland,202304,0.622
IE,Ireland,202305,-1.698
IE,Ireland,202306,-3.319
IE,Ireland,202307,-2.385
IE,Ireland,202308,-5.126
IE,Ireland,202309,-6.1
IE,Ireland,202310,-9.022
IE,Ireland,202311,-9.656
IE,Ireland,202312,-8.821
IE,Ireland,202401,-6.231
IE,Ireland,202402,-2.49
IE,Ireland,202403,-0.693
IE,Ireland,202404,1.63
IE,Ireland,202405,3.61
IE,Ireland,202406,8.108
IE,Ireland,202407,8.992
IE,Ireland,202408,13.51
IE,Ireland,202409,14.671
IE,Ireland,202410,17.48
IE,Ireland,202411,21.64
IE,Ireland,202412,24.579
IE,Ireland,202501,27.344
IE,Ireland,202502,25.903
NZ,New Zealand,201801,8.231
NZ,New Zealand,201802,2.075
NZ,New Zealand,201803,12.33
NZ,New Zealand,201804,13.4
NZ,New Zealand,201805,10.881
NZ,New Zealand,201806,12.578
NZ,New Zealand,201807,11.929
NZ,New Zealand,201808,14.485
NZ,New Zealand,201809,15.382
NZ,New Zealand,201810,14.343
NZ,New Zealand,201811,15.544
NZ,New Zealand,201812,13.143
NZ,New Zealand,201901,13.647
NZ,New Zealand,201902,16.537
NZ,New Zealand,201903,14.836
NZ,New Zealand,201904,13.41
NZ,New Zealand,201905,15.964
NZ,New Zealand,201906,16.438
NZ,New Zealand,201907,18.36
NZ,New Zealand,201908,16.449
NZ,New Zealand,201909,14.503
NZ,New Zealand,201910,15.607
NZ,New Zealand,201911,17.755
NZ,New Zealand,201912,21.938
NZ,New Zealand,202001,22.586
NZ,New Zealand,202002,19.301
NZ,New Zealand,202003,21.054
NZ,New Zealand,202004,24.183
NZ,New Zealand,202005,21.962
NZ,New Zealand,202006,18.903
NZ,New Zealand,202007,16.08
NZ,New Zealand,202008,16.487
NZ,New Zealand,202009,17.635
NZ,New Zealand,202010,16.579
NZ,New Zealand,202011,11.209
NZ,New Zealand,202012,9.581
NZ,New Zealand,202101,7.834
NZ,New Zealand,202102,10.989
NZ,New Zealand,202103,7.596
NZ,New Zealand,202104,3.697
NZ,New Zealand,202105,4.742
NZ,New Zealand,202106,7.5
NZ,New Zealand,202107,10.167
NZ,New Zealand,202108,9.532
NZ,New Zealand,202109,10.701
NZ,New Zealand,202110,11.814
NZ,New Zealand,202111,13.819
NZ,New Zealand,202112,13.341
NZ,New Zealand,202201,13.739
NZ,New Zealand,202202,11.945
NZ,New Zealand,202203,15.338
NZ,New Zealand,202204,16.931
NZ,New Zealand,202205,16.379
NZ,New Zealand,202206,15.163
NZ,New Zealand,202207,12.768
NZ,New Zealand,202208,13.369
NZ,New Zealand,202209,9.717
NZ,New Zealand,202210,6.969
NZ,New Zealand,202211,5.231
NZ,New Zealand,202212,3.406
NZ,New Zealand,202301,4.182
NZ,New Zealand,202302,2.801
NZ,New Zealand,202303,-1.786
NZ,New Zealand,202304,-3.88
NZ,New Zealand,202305,-4.549
NZ,New Zealand,202306,-5.01
NZ,New Zealand,202307,-5.12
NZ,New Zealand,202308,-6.94
NZ,New Zealand,202309,-6.434
NZ,New Zealand,202310,-3.105
NZ,New Zealand,202311,-1.444
NZ,New Zealand,202312,-0.03
NZ,New Zealand,202401,-0.875
NZ,New Zealand,202402,0.461
NZ,New Zealand,202403,2.074
NZ,New Zealand,202404,6.052
NZ,New Zealand,202405,5.269
NZ,New Zealand,202406,5.059
NZ,New Zealand,202407,6.747
NZ,New Zealand,202408,8.937
NZ,New Zealand,202409,14.144
NZ,New Zealand,202410,11.795
NZ,New Zealand,202411,12.153
NZ,New Zealand,202412,12.725
NZ,New Zealand,202501,12.937
NZ,New Zealand,202502,13.571
SE,Sweden,201801,4.904
SE,Sweden,201802,7.62
SE,Sweden,201803,-0.518
SE,Sweden,201804,2.437
SE,Sweden,201805,8.398
SE,Sweden,201806,11.75
SE,Sweden,201807,8.316
SE,Sweden,201808,9.045
SE,Sweden,201809,10.491
SE,Sweden,201810,12.23
SE,Sweden,201811,12.898
SE,Sweden,201812,10.908
SE,Sweden,201901,11.608
SE,Sweden,201902,12.932
SE,Sweden,201903,18.712
SE,Sweden,201904,17.942
SE,Sweden,201905,14.357
SE,Sweden,201906,13.713
SE,Sweden,201907,16.507
SE,Sweden,201908,16.841
SE,Sweden,201909,16.567
SE,Sweden,201910,13.954
SE,Sweden,201911,13.295
SE,Sweden,201912,14.117
SE,Sweden,202001,15.598
SE,Sweden,202002,12.722
SE,Sweden,202003,7.845
SE,Sweden,202004,10.245
SE,Sweden,202005,13.236
SE,Sweden,202006,12.322
SE,Sweden,202007,10.688
SE,Sweden,202008,10.106
SE,Sweden,202009,8.337
SE,Sweden,202010,10.95
SE,Sweden,202011,10.61
SE,Sweden,202012,12.514
SE,Sweden,202101,10.476
SE,Sweden,202102,12.646
SE,Sweden,202103,14.481
SE,Sweden,202104,12.423
SE,Sweden,202105,11.76
SE,Sweden,202106,11.86
SE,Sweden,202107,14.817
SE,Sweden,202108,15.115
SE,Sweden,202109,16.882
SE,Sweden,202110,14.512
SE,Sweden,202111,14.636
SE,Sweden,202112,13.017
SE,Sweden,202201,12.239
SE,Sweden,202202,10.948
SE,Sweden,202203,10.467
SE,Sweden,202204,9.617
SE,Sweden,202205,7.722
SE,Sweden,202206,6.399
SE,Sweden,202207,2.429
SE,Sweden,202208,1.157
SE,Sweden,202209,0.707
SE,Sweden,202210,1.603
SE,Sweden,202211,1.237
SE,Sweden,202212,0.608
SE,Sweden,202301,1.187
SE,Sweden,202302,2.157
SE,Sweden,202303,1.727
SE,Sweden,202304,2.248
SE,Sweden,202305,3.012
SE,Sweden,202306,3.861
SE,Sweden,202307,5.139
SE,Sweden,202308,5.244
SE,Sweden,202309,4.626
SE,Sweden,202310,4.5
SE,Sweden,202311,4.756
SE,Sweden,202312,6.601
SE,Sweden,202401,7.596
SE,Sweden,202402,7.214
SE,Sweden,202403,8.435
SE,Sweden,202404,9.566
SE,Sweden,202405,11.592
SE,Sweden,202406,13.405
SE,Sweden,202407,14.39
SE,Sweden,202408,15.434
SE,Sweden,202409,15.879
SE,Sweden,202410,16.069
SE,Sweden,202411,18.147
SE,Sweden,202412,19.12
SE,Sweden,202501,18.539
SE,Sweden,202502,19.073
GB,United Kingdom,201801,14.064
GB,United Kingdom,201802,12.222
GB,United Kingdom,201803,13.942
GB,United Kingdom,201804,14.683
GB,United Kingdom,201805,13.547
GB,United Kingdom,201806,12.017
GB,United Kingdom,201807,12.803
GB,United Kingdom,201808,12.428
GB,United Kingdom,201809,12.279
GB,United Kingdom,201810,13.019
GB,United Kingdom,201811,12.677
GB,United Kingdom,201812,12.269
GB,United Kingdom,201901,11.965
GB,United Kingdom,201902,12.63
GB,United Kingdom,201903,11.927
GB,United Kingdom,201904,10.793
GB,United Kingdom,201905,11.617
GB,United Kingdom,201906,13.841
GB,United Kingdom,201907,13.615
GB,United Kingdom,201908,13.597
GB,United Kingdom,201909,13.653
GB,United Kingdom,201910,12.613
GB,United Kingdom,201911,12.321
GB,United Kingdom,201912,13.114
GB,United Kingdom,202001,13.259
GB,United Kingdom,202002,12.48
GB,United Kingdom,202003,13.056
GB,United Kingdom,202004,15.664
GB,United Kingdom,202005,16.23
GB,United Kingdom,202006,14.814
GB,United Kingdom,202007,13.495
GB,United Kingdom,202008,12.967
GB,United Kingdom,202009,12.345
GB,United Kingdom,202010,11.773
GB,United Kingdom,202011,12.249
GB,United Kingdom,202012,10.538
GB,United Kingdom,202101,10.557
GB,United Kingdom,202102,11.294
GB,United Kingdom,202103,10.398
GB,United Kingdom,202104,7.11
GB,United Kingdom,202105,4.206
GB,United Kingdom,202106,3.033
GB,United Kingdom,202107,4.621
GB,United Kingdom,202108,6.285
GB,United Kingdom,202109,7.337
GB,United Kingdom,202110,8.668
GB,United Kingdom,202111,8.938
GB,United Kingdom,202112,10.98
GB,United Kingdom,202201,10.881
GB,United Kingdom,202202,9.995
GB,United Kingdom,202203,10.404
GB,United Kingdom,202204,11.078
GB,United Kingdom,202205,12.618
GB,United Kingdom,202206,13.52
GB,United Kingdom,202207,12.737
GB,United Kingdom,202208,11.483
GB,United Kingdom,202209,10.805
GB,United Kingdom,202210,10.288
GB,United Kingdom,202211,9.722
GB,United Kingdom,202212,8.323
GB,United Kingdom,202301,7.318
GB,United Kingdom,202302,7.166
GB,United Kingdom,202303,6.827
GB,United Kingdom,202304,6.591
GB,United Kingdom,202305,5.973
GB,United Kingdom,202306,5.172
GB,United Kingdom,202307,4.319
GB,United Kingdom,202308,3.477
GB,United Kingdom,202309,2.972
GB,United Kingdom,202310,2.138
GB,United Kingdom,202311,1.503
GB,United Kingdom,202312,1.531
GB,United Kingdom,202401,2.464
GB,United Kingdom,202402,2.337
GB,United Kingdom,202403,2.611
GB,United Kingdom,202404,4.24
GB,United Kingdom,202405,5.4
GB,United Kingdom,202406,6.503
GB,United Kingdom,202407,7.927
GB,United Kingdom,202408,9.275
GB,United Kingdom,202409,9.856
GB,United Kingdom,202410,11.12
GB,United Kingdom,202411,12.508
GB,United Kingdom,202412,13.775
GB,United Kingdom,202501,14.219
GB,United Kingdom,202502,15.436
BE,Belgium,201801,-5.693
BE,Belgium,201802,-2.759
BE,Belgium,201803,2.782
BE,Belgium,201804,2.774
BE,Belgium,201805,1.818
BE,Belgium,201806,5.009
BE,Belgium,201807,5.478
BE,Belgium,201808,6.106
BE,Belgium,201809,5.739
BE,Belgium,201810,10.237
BE,Belgium,201811,9.053
BE,Belgium,201812,11.641
BE,Belgium,201901,14.837
BE,Belgium,201902,16.333
BE,Belgium,201903,15.609
BE,Belgium,201904,17.469
BE,Belgium,201905,19.239
BE,Belgium,201906,16.956
BE,Belgium,201907,18.09
BE,Belgium,201908,19.676
BE,Belgium,201909,21.612
BE,Belgium,201910,17.981
BE,Belgium,201911,20.186
BE,Belgium,201912,16.793
BE,Belgium,202001,14.128
BE,Belgium,202002,14.231
BE,Belgium,202003,15.622
BE,Belgium,202004,15.98
BE,Belgium,202005,15.087
BE,Belgium,202006,16.933
BE,Belgium,202007,16.689
BE,Belgium,202008,14.741
BE,Belgium,202009,12.964
BE,Belgium,202010,11.95
BE,Belgium,202011,11.61
BE,Belgium,202012,13.433
BE,Belgium,202101,13.747
BE,Belgium,202102,13.863
BE,Belgium,202103,11.661
BE,Belgium,202104,9.126
BE,Belgium,202105,11.039
BE,Belgium,202106,11.44
BE,Belgium,202107,9.955
BE,Belgium,202108,8.141
BE,Belgium,202109,8.864
BE,Belgium,202110,9.515
BE,Belgium,202111,7.56
BE,Belgium,202112,5.274
BE,Belgium,202201,7.027
BE,Belgium,202202,4.484
BE,Belgium,202203,5.777
BE,Belgium,202204,6.444
BE,Belgium,202205,2.547
BE,Belgium,202206,-0.169
BE,Belgium,202207,-0.32
BE,Belgium,202208,1.35
BE,Belgium,202209,1.253
BE,Belgium,202210,2.521
BE,Belgium,202211,4.385
BE,Belgium,202212,6.295
BE,Belgium,202301,4.752
BE,Belgium,202302,6.897
BE,Belgium,202303,5.565
BE,Belgium,202304,5.307
BE,Belgium,202305,7.878
BE,Belgium,202306,9.003
BE,Belgium,202307,9.747
BE,Belgium,202308,11.189
BE,Belgium,202309,9.827
BE,Belgium,202310,8.374
BE,Belgium,202311,7.475
BE,Belgium,202312,6.716
BE,Belgium,202401,6.438
BE,Belgium,202402,5.273
BE,Belgium,202403,7.624
BE,Belgium,202404,8.77
BE,Belgium,202405,9.355
BE,Belgium,202406,12.719
BE,Belgium,202407,11.653
BE,Belgium,202408,9.612
BE,Belgium,202409,11.37
BE,Belgium,202410,12.176
BE,Belgium,202411,12.043
BE,Belgium,202412,10.527
BE,Belgium,202501,10.708
BE,Belgium,202502,12.081
PL,Poland,201801,17.462
PL,Poland,201802,22.285
PL,Poland,201803,17.168
PL,Poland,201804,16.22
PL,Poland,201805,14.595
PL,Poland,201806,15.096
PL,Poland,201807,14.966
PL,Poland,201808,15.112
PL,Poland,201809,17.773
PL,Poland,201810,17.85
PL,Poland,201811,17.468
PL,Poland,201812,16.706
PL,Poland,201901,15.195
PL,Poland,201902,14.211
PL,Poland,201903,16.86
PL,Poland,201904,17.407
PL,Poland,201905,17.361
PL,Poland,201906,16.591
PL,Poland,201907,17.434
PL,Poland,201908,17.273
PL,Poland,201909,14.434
PL,Poland,201910,12.834
PL,Poland,201911,13.515
PL,Poland,201912,12.871
PL,Poland,202001,14.485
PL,Poland,202002,14.159
PL,Poland,202003,11.645
PL,Poland,202004,12.667
PL,Poland,202005,13.843
PL,Poland,202006,14.722
PL,Poland,202007,13.424
PL,Poland,202008,11.855
PL,Poland,202009,10.818
PL,Poland,202010,11.231
PL,Poland,202011,10.208
PL,Poland,202012,11.492
PL,Poland,202101,12.061
PL,Poland,202102,11.759
PL,Poland,202103,11.669
PL,Poland,202104,8.22
PL,Poland,202105,8.175
PL,Poland,202106,6.897
PL,Poland,202107,7.363
PL,Poland,202108,9.562
PL,Poland,202109,12.854
PL,Poland,202110,13.473
PL,Poland,202111,12.348
PL,Poland,202112,12.3
PL,Poland,202201,10.695
PL,Poland,202202,11.19
PL,Poland,202203,10.864
PL,Poland,202204,12.065
PL,Poland,202205,10.16
PL,Poland,202206,11.268
PL,Poland,202207,10.163
PL,Poland,202208,8.746
PL,Poland,202209,5.813
PL,Poland,202210,5.338
PL,Poland,202211,5.876
PL,Poland,202212,4.386
PL,Poland,202301,3.487
PL,Poland,202302,1.307
PL,Poland,202303,0.466
PL,Poland,202304,-0.36
PL,Poland,202305,0.096
PL,Poland,202306,-2.733
PL,Poland,202307,-2.648
PL,Poland,202308,-3.664
PL,Poland,202309,-4.087
PL,Poland,202310,-5.024
PL,Poland,202311,-5.348
PL,Poland,202312,-5.599
PL,Poland,202401,-4.964
PL,Poland,202402,-2.59
PL,Poland,202403,-0.966
PL,Poland,202404,-0.445
PL,Poland,202405,-0.584
PL,Poland,202406,2.016
PL,Poland,202407,2.877
PL,Poland,202408,4.903
PL,Poland,202409,7.017
PL,Poland,202410,8.643
PL,Poland,202411,10.531
PL,Poland,202412,13.054
PL,Poland,202501,13.119
PL,Poland,202502,12.042
CH,Switzerland,201801,6.062
CH,Switzerland,201802,25.363
CH,Switzerland,201803,21.739
CH,Switzerland,201804,17.686
CH,Switzerland,201805,11.204
CH,Switzerland,201806,12.478
CH,Switzerland,201807,14.51
CH,Switzerland,201808,16.234
CH,Switzerland,201809,19.859
CH,Switzerland,201810,21.201
CH,Switzerland,201811,19.316
CH,Switzerland,201812,20.874
CH,Switzerland,201901,21.052
CH,Switzerland,201902,19.586
CH,Switzerland,201903,20.419
CH,Switzerland,201904,22.24
CH,Switzerland,201905,25.817
CH,Switzerland,201906,24.783
CH,Switzerland,201907,24.145
CH,Switzerland,201908,22.267
CH,Switzerland,201909,17.439
CH,Switzerland,201910,15.596
CH,Switzerland,201911,14.588
CH,Switzerland,201912,12.494
CH,Switzerland,202001,13.014
CH,Switzerland,202002,11.344
CH,Switzerland,202003,9.331
CH,Switzerland,202004,6.879
CH,Switzerland,202005,5.67
CH,Switzerland,202006,6.113
CH,Switzerland,202007,5.007
CH,Switzerland,202008,5.695
CH,Switzerland,202009,7.269
CH,Switzerland,202010,8.145
CH,Switzerland,202011,10.345
CH,Switzerland,202012,9.399
CH,Switzerland,202101,8.823
CH,Switzerland,202102,8.413
CH,Switzerland,202103,9.624
CH,Switzerland,202104,11.674
CH,Switzerland,202105,11.032
CH,Switzerland,202106,10.32
CH,Switzerland,202107,10.567
CH,Switzerland,202108,10.122
CH,Switzerland,202109,9.967
CH,Switzerland,202110,7.516
CH,Switzerland,202111,6.498
CH,Switzerland,202112,6.404
CH,Switzerland,202201,5.64
CH,Switzerland,202202,5.511
CH,Switzerland,202203,4.754
CH,Switzerland,202204,2.636
CH,Switzerland,202205,1.942
CH,Switzerland,202206,1.51
CH,Switzerland,202207,1.346
CH,Switzerland,202208,0.877
CH,Switzerland,202209,0.372
CH,Switzerland,202210,1.278
CH,Switzerland,202211,1.229
CH,Switzerland,202212,0.701
CH,Switzerland,202301,0.961
CH,Switzerland,202302,0.901
CH,Switzerland,202303,-0.283
CH,Switzerland,202304,-0.396
CH,Switzerland,202305,-0.797
CH,Switzerland,202306,0.132
CH,Switzerland,202307,-1.272
CH,Switzerland,202308,-2.235
CH,Switzerland,202309,-2.928
CH,Switzerland,202310,-3.752
CH,Switzerland,202311,-3.761
CH,Switzerland,202312,-2.713
CH,Switzerland,202401,-2.461
CH,Switzerland,202402,-3.025
CH,Switzerland,202403,-0.487
CH,Switzerland,202404,1.293
CH,Switzerland,202405,3.213
CH,Switzerland,202406,3.426
CH,Switzerland,202407,6.801
CH,Switzerland,202408,8.836
CH,Switzerland,202409,10.879
CH,Switzerland,202410,13.619
CH,Switzerland,202411,15.095
CH,Switzerland,202412,18.43
CH,Switzerland,202501,19.566
CH,Switzerland,202502,22.373
NL,Netherlands,201801,9.605
NL,Netherlands,201802,11.252
NL,Netherlands,201803,11.439
NL,Netherlands,201804,10.674
NL,Netherlands,201805,11.021
NL,Netherlands,201806,12.66
NL,Netherlands,201807,13.114
NL,Netherlands,201808,13.496
NL,Netherlands,201809,14.211
NL,Netherlands,201810,13.525
NL,Netherlands,201811,13.876
NL,Netherlands,201812,13.442
NL,Netherlands,201901,14.129
NL,Netherlands,201902,13.874
NL,Netherlands,201903,14.436
NL,Netherlands,201904,15.654
NL,Netherlands,201905,15.834
NL,Netherlands,201906,14.604
NL,Netherlands,201907,15.103
NL,Netherlands,201908,14.956
NL,Netherlands,201909,14.033
NL,Netherlands,201910,14.646
NL,Netherlands,201911,13.618
NL,Netherlands,201912,14.044
NL,Netherlands,202001,12.717
NL,Netherlands,202002,12.957
NL,Netherlands,202003,12.438
NL,Netherlands,202004,11.645
NL,Netherlands,202005,11.895
NL,Netherlands,202006,12.33
NL,Netherlands,202007,11.264
NL,Netherlands,202008,10.437
NL,Netherlands,202009,10.186
NL,Netherlands,202010,9.186
NL,Netherlands,202011,9.619
NL,Netherlands,202012,8.54
NL,Netherlands,202101,9.334
NL,Netherlands,202102,7.96
NL,Netherlands,202103,7.813
NL,Netherlands,202104,7.186
NL,Netherlands,202105,5.685
NL,Netherlands,202106,5.273
NL,Netherlands,202107,4.971
NL,Netherlands,202108,5.862
NL,Netherlands,202109,6.068
NL,Netherlands,202110,6.853
NL,Netherlands,202111,6.801
NL,Netherlands,202112,7.204
NL,Netherlands,202201,7.182
NL,Netherlands,202202,9.485
NL,Netherlands,202203,8.86
NL,Netherlands,202204,7.996
NL,Netherlands,202205,8.199
NL,Netherlands,202206,8.134
NL,Netherlands,202207,8.375
NL,Netherlands,202208,7.188
NL,Netherlands,202209,7.289
NL,Netherlands,202210,6.568
NL,Netherlands,202211,5.951
NL,Netherlands,202212,6.902
NL,Netherlands,202301,5.959
NL,Netherlands,202302,4.266
NL,Netherlands,202303,4.172
NL,Netherlands,202304,5.039
NL,Netherlands,202305,5.092
NL,Netherlands,202306,5.093
NL,Netherlands,202307,4.677
NL,Netherlands,202308,4.655
NL,Netherlands,202309,3.999
NL,Netherlands,202310,4.226
NL,Netherlands,202311,4.511
NL,Netherlands,202312,2.947
NL,Netherlands,202401,3.184
NL,Netherlands,202402,3.453
NL,Netherlands,202403,3.843
NL,Netherlands,202404,3.979
NL,Netherlands,202405,4.733
NL,Netherlands,202406,5.216
NL,Netherlands,202407,5.677
NL,Netherlands,202408,7.067
NL,Netherlands,202409,7.374
NL,Netherlands,202410,7.526
NL,Netherlands,202411,8.025
NL,Netherlands,202412,8.565
NL,Netherlands,202501,8.971
NL,Netherlands,202502,8.572
DE,Germany,201801,29.927
DE,Germany,201802,18.495
DE,Germany,201803,16.663
DE,Germany,201804,14.406
DE,Germany,201805,16.458
DE,Germany,201806,14.147
DE,Germany,201807,14.741
DE,Germany,201808,15.651
DE,Germany,201809,14.908
DE,Germany,201810,15.524
DE,Germany,201811,15.384
DE,Germany,201812,14.508
DE,Germany,201901,12.385
DE,Germany,201902,13.197
DE,Germany,201903,13.657
DE,Germany,201904,14.377
DE,Germany,201905,13.47
DE,Germany,201906,13.883
DE,Germany,201907,13.945
DE,Germany,201908,13.934
DE,Germany,201909,14.935
DE,Germany,201910,13.946
DE,Germany,201911,14.405
DE,Germany,201912,16.13
DE,Germany,202001,17.662
DE,Germany,202002,17.494
DE,Germany,202003,17.056
DE,Germany,202004,16.691
DE,Germany,202005,17.105
DE,Germany,202006,17.6
DE,Germany,202007,16.401
DE,Germany,202008,15.077
DE,Germany,202009,13.568
DE,Germany,202010,13.389
DE,Germany,202011,12.508
DE,Germany,202012,9.978
DE,Germany,202101,8.56
DE,Germany,202102,7.511
DE,Germany,202103,6.325
DE,Germany,202104,5.304
DE,Germany,202105,3.706
DE,Germany,202106,2.989
DE,Germany,202107,3.442
DE,Germany,202108,3.754
DE,Germany,202109,3.66
DE,Germany,202110,4.039
DE,Germany,202111,3.744
DE,Germany,202112,5.406
DE,Germany,202201,5.371
DE,Germany,202202,6.313
DE,Germany,202203,7.202
DE,Germany,202204,8.294
DE,Germany,202205,9.07
DE,Germany,202206,9.464
DE,Germany,202207,9.166
DE,Germany,202208,8.463
DE,Germany,202209,8.732
DE,Germany,202210,7.809
DE,Germany,202211,7.125
DE,Germany,202212,5.523
DE,Germany,202301,4.935
DE,Germany,202302,3.647
DE,Germany,202303,2.911
DE,Germany,202304,1.426
DE,Germany,202305,0.267
DE,Germany,202306,-0.947
DE,Germany,202307,-1.935
DE,Germany,202308,-2.652
DE,Germany,202309,-3.171
DE,Germany,202310,-3.296
DE,Germany,202311,-2.846
DE,Germany,202312,-2.055
DE,Germany,202401,-1.946
DE,Germany,202402,-1.938
DE,Germany,202403,-1.21
DE,Germany,202404,-0.202
DE,Germany,202405,1.092
DE,Germany,202406,2.434
DE,Germany,202407,3.601
DE,Germany,202408,5.438
DE,Germany,202409,6.504
DE,Germany,202410,7.779
DE,Germany,202411,8.61
DE,Germany,202412,9.101
DE,Germany,202501,9.993
DE,Germany,202502,11.287
FR,France,201801,7.085
FR,France,201802,7.257
FR,France,201803,6.245
FR,France,201804,7.823
FR,France,201805,8.279
FR,France,201806,8.585
FR,France,201807,9.973
FR,France,201808,8.941
FR,France,201809,8.574
FR,France,201810,8.306
FR,France,201811,8.68
FR,France,201812,8
FR,France,201901,8.077
FR,France,201902,8.704
FR,France,201903,9.165
FR,France,201904,9.054
FR,France,201905,8.798
FR,France,201906,8.752
FR,France,201907,7.284
FR,France,201908,8.075
FR,France,201909,8.38
FR,France,201910,8.583
FR,France,201911,8.014
FR,France,201912,7.853
FR,France,202001,7.136
FR,France,202002,6.417
FR,France,202003,7.171
FR,France,202004,9.218
FR,France,202005,12.333
FR,France,202006,13.733
FR,France,202007,14.269
FR,France,202008,13.019
FR,France,202009,12.154
FR,France,202010,10.887
FR,France,202011,10.518
FR,France,202012,11.401
FR,France,202101,12.059
FR,France,202102,11.946
FR,France,202103,10.365
FR,France,202104,6.285
FR,France,202105,0.679
FR,France,202106,-3.039
FR,France,202107,-3.378
FR,France,202108,-2.439
FR,France,202109,-2.118
FR,France,202110,-0.424
FR,France,202111,-0.193
FR,France,202112,-0.695
FR,France,202201,-0.61
FR,France,202202,-0.545
FR,France,202203,-0.648
FR,France,202204,0.539
FR,France,202205,3.193
FR,France,202206,5.547
FR,France,202207,6.211
FR,France,202208,4.871
FR,France,202209,5.061
FR,France,202210,4.441
FR,France,202211,4.818
FR,France,202212,4.71
FR,France,202301,4.144
FR,France,202302,3.806
FR,France,202303,4.09
FR,France,202304,4.153
FR,France,202305,3.892
FR,France,202306,2.689
FR,France,202307,1.369
FR,France,202308,2.397
FR,France,202309,1.745
FR,France,202310,1.173
FR,France,202311,-0.096
FR,France,202312,0.071
FR,France,202401,0.218
FR,France,202402,0.098
FR,France,202403,0.428
FR,France,202404,0.742
FR,France,202405,0.579
FR,France,202406,1.356
FR,France,202407,2.253
FR,France,202408,2.688
FR,France,202409,4.037
FR,France,202410,4.294
FR,France,202411,5.468
FR,France,202412,5.754
FR,France,202501,5.954
FR,France,202502,5.946